{
  "code": 0,
  "msg": "",
  "count": 3,
  "data": [
    {
      "usersId": "1",
      "userName": "超级管理员",
      "userEmail": "mage@layui.com",
      "userSex": "男",
      "userStatus": "0",
      "userGrade": "4",
      "userEndTime": "2018-01-31 10:00",
      "userDesc" : "CMS作者"
    },{
      "usersId": "2",
      "userName": "贤心",
      "userEmail": "xianxin@layui.com",
      "userSex": "保密",
      "userStatus": "0",
      "userGrade": "3",
      "userEndTime": "2018-01-14 15:35",
      "userDesc" : "layui框架作者，性别至今是个谜。。。"
    },
    {
      "usersId": "3",
      "userName": "纸飞机",
      "userEmail": "fly@layui.com",
      "userSex": "男",
      "userStatus": "1",
      "userGrade": "2",
      "userEndTime": "2018-01-25 16:25",
      "userDesc" : "fly社区管理员，据传与layui作者有奸情，故帐号被封。"
    }
  ]
}